Pillar,Age Group,Category,Category Description,Topic Number,Topic,Objective,Explanation,Hashtags,Estimated Time,Age,Activity Name,Materials,Steps,Skills
Cognitive Skills,Infant (0-1),Visual Tracking & Focus,Develop visual attention and tracking abilities through hands-on activities,1,High Contrast Card Play,Stimulate visual development and focus through engaging card activities,Use high contrast cards to capture baby's attention and develop visual tracking skills through interactive play. Stimulate visual development and focus through engaging card activities.,#VisualDevelopment; #FocusTraining; #InfantActivities,5-10 min,0-6 months,Fun High Contrast Card Play,High contrast black and white cards; Baby-safe mirror; Soft play mat,"1. Place baby on soft play mat in comfortable position; 2. Hold high contrast cards 8-12 inches from baby's face; 3. Slowly move cards left to right, watching for eye tracking; 4. Use baby-safe mirror to show baby their own reflection; 5. Talk to baby about what they're seeing: 'Look at the black and white patterns!'",Visual tracking; Focus development; Eye coordination; Attention span
Cognitive Skills,Infant (0-1),Cause and Effect Learning,Introduce basic cause-and-effect relationships through interactive play,1,Rattle and Shake Discovery,Teach baby that their actions create sounds and movement,"Help baby discover that shaking a rattle creates sound, establishing early cause-and-effect understanding.",#CauseAndEffect; #MotorSkills; #SoundRecognition,5-10 min,3-8 months,Magic Rattle Discovery,Soft rattle; Various sound toys; Play mat,1. Place baby on play mat in comfortable position; 2. Show baby the rattle and let them see it; 3. Gently shake the rattle to demonstrate the sound; 4. Help baby grasp and shake the rattle; 5. Celebrate when baby makes sounds independently,Cause and effect; Motor control; Sound recognition; Hand-eye coordination
Cognitive Skills,Toddler (1-3),Pattern Recognition,Develop early pattern recognition and classification skills,1,Color Sorting Fun,Introduce basic sorting and pattern recognition through color games,"Help toddlers recognize patterns by sorting objects by color, building early classification skills.",#PatternRecognition; #ColorSorting; #ToddlerActivities,10-15 min,18-36 months,Rainbow Sorting Adventure,Colored blocks or toys; Sorting containers; Color cards,1. Set up colored containers or spaces; 2. Show toddler different colored objects; 3. Demonstrate sorting by putting red items in red space; 4. Encourage toddler to sort remaining items; 5. Celebrate correct sorting with enthusiasm,Pattern recognition; Color identification; Classification; Fine motor skills
Cognitive Skills,Toddler (1-3),Simple Classification,Develop basic categorization and grouping skills,1,Big and Small Sorting,Teach basic size comparison and classification,Help toddlers understand size concepts by sorting objects into big and small groups.,#Classification; #SizeConcepts; #ToddlerLearning,10-15 min,18-36 months,Size Detective Game,Various sized objects; Two boxes (big/small); Size comparison cards,1. Gather objects of different sizes; 2. Show toddler the big and small boxes; 3. Demonstrate putting large items in big box; 4. Let toddler try sorting remaining items; 5. Talk about sizes: 'This ball is big!' 'This button is small!',Size comparison; Classification; Vocabulary development; Logical thinking
Cognitive Skills,Preschooler (3-5),Advanced Problem Solving,Develop complex problem-solving skills through engaging challenges,1,Puzzle Master Challenge,Build problem-solving skills through age-appropriate puzzles,"Use puzzles to develop spatial reasoning, pattern recognition, and persistence in problem-solving.",#ProblemSolving; #Puzzles; #SpatialReasoning,15-20 min,3-5 years,Mystery Puzzle Quest,Age-appropriate puzzles; Timer; Progress chart,1. Choose a puzzle appropriate for child's skill level; 2. Look at the puzzle picture together; 3. Start with corner and edge pieces; 4. Work on sections that match the picture; 5. Celebrate completion and discuss strategies used,Problem solving; Spatial reasoning; Persistence; Visual processing
Cognitive Skills,Preschooler (3-5),Executive Function,"Develop planning, organization, and self-control skills",1,Morning Routine Planning,Develop planning and organization skills through daily routines,"Help children learn to plan and organize their daily activities, building executive function skills.",#ExecutiveFunction; #Planning; #Organization,10-15 min,3-5 years,Super Planner Adventure,Picture cards of daily activities; Chart paper; Stickers,"1. Show child picture cards of morning activities; 2. Discuss what needs to be done first, second, etc.; 3. Arrange cards in logical order; 4. Create a visual schedule together; 5. Practice following the routine",Planning; Organization; Sequencing; Self-regulation
Cognitive Skills,Child (6-8),Complex Problem Solving,Develop advanced problem-solving strategies and critical thinking,1,Escape Room Challenge,Apply multiple problem-solving strategies to solve complex puzzles,Create an age-appropriate escape room experience to develop complex problem-solving skills.,#ComplexProblemSolving; #CriticalThinking; #Teamwork,30-45 min,6-8 years,Mystery Mansion Escape,Locks and keys; Puzzle pieces; Clue cards; Timer,1. Set up a series of connected puzzles; 2. Give child the first clue to start; 3. Guide them through problem-solving process; 4. Encourage multiple solution attempts; 5. Celebrate when they 'escape' and discuss strategies,Complex problem solving; Critical thinking; Persistence; Strategic planning
Cognitive Skills,Child (6-8),Strategic Thinking,Develop planning and strategic decision-making skills,1,Chess for Beginners,Introduce strategic thinking through chess basics,"Use chess to develop strategic thinking, planning ahead, and considering consequences.",#StrategicThinking; #Chess; #Planning,20-30 min,6-8 years,Chess Strategy Adventure,Chess set; Chess puzzle cards; Timer,1. Introduce basic chess piece movements; 2. Start with simple endgame scenarios; 3. Practice thinking 2-3 moves ahead; 4. Discuss why certain moves are good; 5. Gradually increase complexity,Strategic thinking; Planning ahead; Consequence evaluation; Patience
Cognitive Skills,Pre-Teen (9-12),Advanced Critical Thinking,Develop sophisticated critical thinking and analysis skills,1,Debate and Discussion,Develop critical thinking through structured debate and analysis,"Use age-appropriate debate topics to develop critical thinking, evidence evaluation, and persuasive reasoning.",#CriticalThinking; #Debate; #Analysis,30-45 min,9-12 years,Young Debater Challenge,Debate topics; Research materials; Timer; Scoring sheet,1. Choose an age-appropriate debate topic; 2. Research both sides of the argument; 3. Practice presenting evidence; 4. Listen to opposing arguments; 5. Reflect on what makes a strong argument,Critical thinking; Evidence evaluation; Persuasive reasoning; Active listening
Cognitive Skills,Pre-Teen (9-12),Complex Logic,Develop advanced logical reasoning and deductive thinking,1,Logic Puzzle Mastery,Master complex logic puzzles and deductive reasoning,Use advanced logic puzzles to develop deductive reasoning and systematic problem-solving approaches.,#Logic; #DeductiveReasoning; #Puzzles,25-35 min,9-12 years,Logic Detective Agency,Logic puzzle books; Grid paper; Pencils; Timer,1. Start with a logic grid puzzle; 2. Read all clues carefully; 3. Use process of elimination; 4. Make logical deductions step by step; 5. Check reasoning and find the solution,Logical reasoning; Deductive thinking; Systematic analysis; Attention to detail
Cognitive Skills,Teen (13-18),Advanced Analytical Thinking,Develop sophisticated analytical and evaluative thinking skills,1,Case Study Analysis,Apply analytical thinking to complex real-world scenarios,"Use case studies to develop advanced analytical thinking, evidence evaluation, and solution development.",#AnalyticalThinking; #CaseStudy; #RealWorldProblemSolving,45-60 min,13-18 years,Strategic Problem Solver,Case study materials; Analysis framework; Research resources; Presentation tools,1. Read and understand the case study scenario; 2. Identify key problems and stakeholders; 3. Research relevant information and data; 4. Analyze multiple potential solutions; 5. Present recommendations with supporting evidence,Analytical thinking; Evidence evaluation; Solution development; Presentation skills
Cognitive Skills,Teen (13-18),Innovation Thinking,Develop creative problem-solving and innovation skills,1,Design Thinking Challenge,Apply design thinking methodology to solve complex problems,"Use design thinking to develop innovative solutions to real-world problems, building creativity and systematic innovation skills.",#Innovation; #DesignThinking; #CreativeProblemSolving,60-90 min,13-18 years,Innovation Lab Workshop,Design thinking framework; Prototyping materials; Research tools; Presentation materials,1. Empathize: Research and understand the problem; 2. Define: Clearly articulate the problem; 3. Ideate: Generate multiple creative solutions; 4. Prototype: Build a simple model or mockup; 5. Test: Get feedback and iterate on the solution,Innovation thinking; Creative problem solving; Prototyping; Iterative design
